epoch,steps,cosine_pearson,cosine_spearman
1.0,14,0.793999598948865,0.8457293271210397
2.0,28,0.7814103024451452,0.8139111092192509
3.0,42,0.8212675683006192,0.8477282340976581
4.0,56,0.8145585233770605,0.8277117820441231
5.0,70,0.8193231187897223,0.8335715915372236
6.0,84,0.8269653809692382,0.8418136600298557
7.0,98,0.8299710836665999,0.840800515397871
8.0,112,0.8327720299720598,0.8468246186150771
9.0,126,0.832600611299027,0.8471532060632885
10.0,140,0.8326496835248816,0.8471532060632885
